id,first_name,last_name,email,gender,ip_address
1,Jason,Cunningham,jcunningham0@studiopress.com,Male,191.49.226.83
2,Jose,Lewis,jlewis1@nature.com,Male,242.1.28.91
3,Brian,Hart,bhart2@amazon.de,Male,143.69.132.63
4,Andrea,Shaw,ashaw3@usgs.gov,Female,96.140.13.146
5,Phillip,Hicks,phicks4@omniture.com,Male,168.6.38.189
6,George,Riley,griley5@dmoz.org,Male,197.190.238.44
7,Pamela,Gordon,pgordon6@weather.com,Female,180.169.144.215
8,Norma,Williamson,nwilliamson7@twitter.com,Female,10.241.140.120
9,Timothy,Ramirez,tramirez8@opera.com,Male,250.117.103.89
10,Barbara,Gordon,bgordon9@skype.com,Female,123.242.75.219
11,Evelyn,Austin,eaustina@geocities.com,Female,10.114.14.65
12,Laura,Bradley,lbradleyb@simplemachines.org,Female,33.71.218.52
13,Michelle,Burns,mburnsc@mail.ru,Female,206.119.209.87
14,Billy,Dean,bdeand@example.com,Male,208.119.99.172
15,Jason,Wallace,jwallacee@parallels.com,Male,218.234.90.235
16,Arthur,Lewis,alewisf@dion.ne.jp,Male,190.142.27.10
17,Jessica,Henry,jhenryg@blogs.com,Female,78.127.206.9
18,Emily,Hudson,ehudsonh@blogger.com,Female,195.42.199.0
19,Kelly,Clark,kclarki@furl.net,Female,78.135.99.187
20,Johnny,Gomez,jgomezj@telegraph.co.uk,Male,231.210.140.68
21,Raymond,Marshall,rmarshallk@virginia.edu,Male,141.58.186.248
22,Jessica,Gutierrez,jgutierrezl@cpanel.net,Female,5.90.90.59
23,Jonathan,Turner,jturnerm@vistaprint.com,Male,43.225.227.171
24,Shirley,Mccoy,smccoyn@huffingtonpost.com,Female,57.121.128.78
25,Harold,Fernandez,hfernandezo@reuters.com,Male,201.238.244.89
26,Tammy,Washington,twashingtonp@taobao.com,Female,115.78.86.94
27,Philip,Mcdonald,pmcdonaldq@issuu.com,Male,243.60.39.107
28,Paula,Mendoza,pmendozar@gmpg.org,Female,207.126.40.105
29,Tina,Coleman,tcolemans@diigo.com,Female,14.93.1.177
30,Jeremy,Kim,jkimt@scientificamerican.com,Male,76.49.98.37
31,Aaron,Hawkins,ahawkinsu@livejournal.com,Male,136.172.162.238
32,Betty,Williamson,bwilliamsonv@bloglines.com,Female,186.22.44.248
33,Eugene,Carr,ecarrw@marketwatch.com,Male,116.174.197.41
34,Shawn,Weaver,sweaverx@addthis.com,Male,47.133.110.104
35,Karen,Perkins,kperkinsy@list-manage.com,Female,185.156.26.131
36,Lori,Turner,lturnerz@goodreads.com,Female,177.157.93.229
37,Antonio,Reed,areed10@meetup.com,Male,125.212.187.53
38,Steve,Mitchell,smitchell11@symantec.com,Male,123.20.86.227
39,Evelyn,Campbell,ecampbell12@cafepress.com,Female,203.85.198.255
40,Cynthia,Pierce,cpierce13@geocities.jp,Female,88.13.100.59
41,Lillian,Hawkins,lhawkins14@sun.com,Female,187.168.111.168
42,Sarah,Rodriguez,srodriguez15@desdev.cn,Female,21.180.212.235
43,Amy,Ray,aray16@stumbleupon.com,Female,112.164.100.30
44,Lawrence,Rose,lrose17@ihg.com,Male,72.172.106.153
45,Dorothy,Henderson,dhenderson18@washingtonpost.com,Female,45.93.26.50
46,Amy,Owens,aowens19@yellowbook.com,Female,46.122.95.61
47,Joe,Morris,jmorris1a@dailymotion.com,Male,25.168.250.240
48,Billy,Turner,bturner1b@soundcloud.com,Male,218.68.32.248
49,Fred,Austin,faustin1c@abc.net.au,Male,73.116.67.60
50,Norma,Fox,nfox1d@weebly.com,Female,104.176.170.55
51,Daniel,Cunningham,dcunningham1e@blogger.com,Male,182.124.9.252
52,Patrick,Ramos,pramos1f@ocn.ne.jp,Male,230.132.128.47
53,Louise,Ward,lward1g@livejournal.com,Female,197.42.68.154
54,Chris,Coleman,ccoleman1h@tripadvisor.com,Male,86.237.94.137
55,Adam,Lewis,alewis1i@moonfruit.com,Male,66.225.105.5
56,Beverly,Lynch,blynch1j@jiathis.com,Female,221.89.17.237
57,Daniel,Hudson,dhudson1k@earthlink.net,Male,207.46.208.155
58,Diane,Bennett,dbennett1l@uiuc.edu,Female,242.1.59.121
59,Timothy,Andrews,tandrews1m@admin.ch,Male,130.44.141.81
60,David,Stone,dstone1n@cnbc.com,Male,255.7.52.103
61,Peter,Matthews,pmatthews1o@dot.gov,Male,65.93.225.10
62,Fred,Cruz,fcruz1p@theglobeandmail.com,Male,146.230.41.20
63,Debra,Kelly,dkelly1q@mapy.cz,Female,53.20.80.150
64,Albert,Bowman,abowman1r@gov.uk,Male,10.153.201.217
65,Stephen,Fields,sfields1s@topsy.com,Male,74.225.91.188
66,Donald,Burton,dburton1t@msu.edu,Male,247.194.158.219
67,Louise,Hill,lhill1u@noaa.gov,Female,28.178.171.84
68,Eugene,Rice,erice1v@wordpress.org,Male,147.217.128.179
69,Frances,Duncan,fduncan1w@sitemeter.com,Female,14.127.250.253
70,Peter,George,pgeorge1x@is.gd,Male,103.193.164.119
71,Carl,Sanchez,csanchez1y@ihg.com,Male,19.85.229.54
72,Bobby,Medina,bmedina1z@devhub.com,Male,112.60.78.112
73,Susan,Simmons,ssimmons20@marriott.com,Female,31.20.149.30
74,Gloria,Sims,gsims21@yahoo.co.jp,Female,163.100.74.204
75,Bobby,Jackson,bjackson22@arizona.edu,Male,213.3.28.201
76,Lillian,Richardson,lrichardson23@imgur.com,Female,148.143.149.161
77,Brandon,Howard,bhoward24@free.fr,Male,94.171.31.97
78,Melissa,Adams,madams25@wix.com,Female,225.173.167.73
79,Roy,Burke,rburke26@instagram.com,Male,73.25.159.114
80,Daniel,Cruz,dcruz27@cmu.edu,Male,226.221.12.214
81,Dennis,Burns,dburns28@themeforest.net,Male,102.123.117.225
82,Harold,Reid,hreid29@vkontakte.ru,Male,98.20.91.215
83,Keith,Gilbert,kgilbert2a@free.fr,Male,214.168.38.230
84,Amy,Johnston,ajohnston2b@guardian.co.uk,Female,147.29.23.248
85,Bonnie,Myers,bmyers2c@reuters.com,Female,100.223.148.237
86,Paula,Hart,phart2d@spotify.com,Female,26.4.177.89
87,Rose,Smith,rsmith2e@tumblr.com,Female,225.157.175.168
88,Richard,Brooks,rbrooks2f@google.com,Male,150.232.28.211
89,Robert,Perkins,rperkins2g@yellowpages.com,Male,200.194.123.173
90,Diana,Sullivan,dsullivan2h@yale.edu,Female,127.206.64.120
91,Jane,Spencer,jspencer2i@arstechnica.com,Female,150.26.239.202
92,Ronald,Pierce,rpierce2j@istockphoto.com,Male,20.23.64.78
93,Andrea,Stone,astone2k@parallels.com,Female,159.58.23.105
94,Debra,Schmidt,dschmidt2l@purevolume.com,Female,44.126.213.215
95,Debra,Rivera,drivera2m@ebay.co.uk,Female,152.157.106.128
96,Louise,Stewart,lstewart2n@jiathis.com,Female,37.76.53.45
97,Donald,Bishop,dbishop2o@bbc.co.uk,Male,187.45.140.135
98,Robin,Rivera,rrivera2p@youtu.be,Female,191.72.189.245
99,Christopher,Powell,cpowell2q@hao123.com,Male,192.66.98.20
100,Christopher,Lopez,clopez2r@hud.gov,Male,154.146.210.182
101,Kimberly,Morgan,kmorgan2s@ft.com,Female,145.193.143.250
102,Michelle,Hayes,mhayes2t@phpbb.com,Female,57.93.80.204
103,Gerald,Welch,gwelch2u@hc360.com,Male,30.166.227.175
104,Teresa,Ross,tross2v@nps.gov,Female,50.201.77.157
105,Susan,Robinson,srobinson2w@foxnews.com,Female,0.10.49.192
106,Sean,Wood,swood2x@springer.com,Male,246.114.65.191
107,Richard,Lynch,rlynch2y@blogspot.com,Male,179.87.97.19
108,Ruby,Gilbert,rgilbert2z@biblegateway.com,Female,8.207.6.52
109,Judith,Cruz,jcruz30@topsy.com,Female,8.187.158.88
110,Stephen,Long,slong31@jugem.jp,Male,248.221.102.160
111,Kathryn,Reynolds,kreynolds32@ezinearticles.com,Female,235.127.19.173
112,Jesse,Brown,jbrown33@mozilla.com,Male,210.134.75.31
113,Nicole,Burton,nburton34@soup.io,Female,233.239.151.91
114,Jesse,Adams,jadams35@twitter.com,Male,5.147.184.153
115,Benjamin,Jackson,bjackson36@cargocollective.com,Male,163.34.26.137
116,Donald,Berry,dberry37@rakuten.co.jp,Male,143.162.209.88
117,Andrea,Washington,awashington38@t-online.de,Female,67.73.212.47
118,Louis,Powell,lpowell39@sourceforge.net,Male,83.146.124.63
119,Frances,Baker,fbaker3a@whitehouse.gov,Female,89.22.237.43
120,Fred,Ross,fross3b@cdc.gov,Male,246.214.56.185
121,Willie,Spencer,wspencer3c@merriam-webster.com,Male,169.16.104.21
122,Scott,Alvarez,salvarez3d@infoseek.co.jp,Male,139.90.182.151
123,Lisa,Cook,lcook3e@w3.org,Female,214.16.42.14
124,Karen,Garza,kgarza3f@google.es,Female,64.55.244.251
125,Tina,Franklin,tfranklin3g@blinklist.com,Female,159.253.34.179
126,Terry,Lawson,tlawson3h@princeton.edu,Male,206.177.156.158
127,Adam,Morris,amorris3i@friendfeed.com,Male,27.15.234.147
128,Nancy,Greene,ngreene3j@vistaprint.com,Female,154.22.141.122
129,Emily,Elliott,eelliott3k@trellian.com,Female,95.110.76.48
130,Cheryl,Frazier,cfrazier3l@businessweek.com,Female,160.234.93.81
131,Maria,Bradley,mbradley3m@google.fr,Female,115.110.49.23
132,Ronald,Flores,rflores3n@php.net,Male,59.61.227.103
133,Heather,Ferguson,hferguson3o@nationalgeographic.com,Female,26.177.10.178
134,Laura,Mccoy,lmccoy3p@bloglines.com,Female,238.241.167.155
135,Karen,Romero,kromero3q@berkeley.edu,Female,57.60.142.62
136,Harry,Hall,hhall3r@mapy.cz,Male,225.240.214.247
137,Louise,Webb,lwebb3s@cnbc.com,Female,246.53.179.42
138,Rachel,Ramirez,rramirez3t@examiner.com,Female,2.187.55.240
139,Craig,Fox,cfox3u@pbs.org,Male,135.208.110.159
140,Raymond,Peters,rpeters3v@example.com,Male,7.156.4.96
141,Arthur,Collins,acollins3w@bbc.co.uk,Male,92.154.26.12
142,Willie,Chavez,wchavez3x@webeden.co.uk,Male,104.56.64.101
143,Robert,Hall,rhall3y@opera.com,Male,43.163.174.42
144,Roger,Hughes,rhughes3z@unicef.org,Male,200.92.27.142
145,Teresa,Carter,tcarter40@alibaba.com,Female,185.201.9.192
146,Marie,Rogers,mrogers41@youtube.com,Female,76.137.68.174
147,Frances,Jacobs,fjacobs42@bbc.co.uk,Female,165.80.101.61
148,Thomas,Jenkins,tjenkins43@printfriendly.com,Male,222.142.191.98
149,Scott,Mitchell,smitchell44@answers.com,Male,234.35.242.72
150,Annie,Stewart,astewart45@state.gov,Female,95.85.160.40
151,Edward,Ryan,eryan46@reverbnation.com,Male,94.154.189.15
152,Johnny,Burton,jburton47@xrea.com,Male,188.112.133.167
153,Emily,Burns,eburns48@joomla.org,Female,73.250.178.132
154,Jimmy,Smith,jsmith49@spotify.com,Male,218.233.226.194
155,Janice,Harrison,jharrison4a@bbc.co.uk,Female,111.10.126.238
156,Debra,Day,dday4b@unc.edu,Female,3.203.138.25
157,Michael,Young,myoung4c@quantcast.com,Male,197.186.170.68
158,Donna,Garcia,dgarcia4d@plala.or.jp,Female,99.235.79.186
159,Victor,Miller,vmiller4e@dot.gov,Male,167.135.1.45
160,Jean,Harvey,jharvey4f@cnn.com,Female,44.227.199.151
161,Carlos,Mills,cmills4g@facebook.com,Male,230.207.50.21
162,Jack,Hanson,jhanson4h@blogger.com,Male,218.145.162.235
163,Randy,Kim,rkim4i@princeton.edu,Male,70.37.184.203
164,Benjamin,Robinson,brobinson4j@digg.com,Male,254.233.83.59
165,David,Burton,dburton4k@123-reg.co.uk,Male,50.250.74.252
166,Christina,Allen,callen4l@businessinsider.com,Female,71.222.154.144
167,Theresa,Adams,tadams4m@mapquest.com,Female,8.19.139.237
168,William,Scott,wscott4n@wix.com,Male,229.143.195.7
169,Robin,Hernandez,rhernandez4o@netvibes.com,Female,28.235.153.148
170,Joyce,Wood,jwood4p@yale.edu,Female,238.161.227.180
171,Anthony,Walker,awalker4q@163.com,Male,60.118.161.143
172,Eric,Harrison,eharrison4r@opensource.org,Male,130.21.49.187
173,Michael,Bailey,mbailey4s@buzzfeed.com,Male,223.212.29.169
174,Sarah,Richards,srichards4t@hud.gov,Female,79.113.225.222
175,Wayne,Nguyen,wnguyen4u@businesswire.com,Male,206.231.101.20
176,Jennifer,Hall,jhall4v@elegantthemes.com,Female,105.14.15.255
177,Brandon,Cooper,bcooper4w@adobe.com,Male,8.239.245.240
178,Marie,Adams,madams4x@mediafire.com,Female,159.218.22.2
179,Henry,Freeman,hfreeman4y@wikipedia.org,Male,173.36.233.229
180,Bonnie,Greene,bgreene4z@berkeley.edu,Female,132.187.173.117
181,Deborah,Day,dday50@vk.com,Female,86.25.113.235
182,Steven,Campbell,scampbell51@unblog.fr,Male,221.137.218.150
183,Marilyn,Hall,mhall52@homestead.com,Female,125.255.222.226
184,Harold,Gonzales,hgonzales53@flavors.me,Male,16.219.87.54
185,Ryan,Vasquez,rvasquez54@istockphoto.com,Male,202.202.70.16
186,Larry,Nguyen,lnguyen55@wix.com,Male,52.179.175.225
187,Michael,Bradley,mbradley56@jimdo.com,Male,227.223.254.130
188,Ruth,Hart,rhart57@goo.ne.jp,Female,143.199.165.163
189,Richard,Russell,rrussell58@typepad.com,Male,205.116.72.210
190,Diane,Little,dlittle59@sogou.com,Female,7.98.104.24
191,Paul,Hill,phill5a@indiegogo.com,Male,101.58.44.246
192,Lori,Holmes,lholmes5b@themeforest.net,Female,172.183.107.0
193,James,Wells,jwells5c@dmoz.org,Male,197.85.206.147
194,Keith,Stevens,kstevens5d@yandex.ru,Male,173.67.71.61
195,Debra,Harrison,dharrison5e@jalbum.net,Female,33.3.94.37
196,Stephanie,Shaw,sshaw5f@slashdot.org,Female,39.244.143.102
197,Terry,Kelley,tkelley5g@stumbleupon.com,Male,14.163.15.171
198,Pamela,Gutierrez,pgutierrez5h@bloglovin.com,Female,204.62.179.18
199,Emily,Scott,escott5i@unblog.fr,Female,141.157.220.165
200,Gerald,Cox,gcox5j@weather.com,Male,154.253.113.40
201,Laura,Mitchell,lmitchell5k@newyorker.com,Female,144.80.7.165
202,Susan,Bradley,sbradley5l@princeton.edu,Female,185.178.13.158
203,Phillip,Russell,prussell5m@admin.ch,Male,230.211.89.92
204,Alice,Peterson,apeterson5n@salon.com,Female,17.254.38.167
205,Susan,Duncan,sduncan5o@1688.com,Female,84.221.209.246
206,Ernest,Warren,ewarren5p@zimbio.com,Male,209.64.253.27
207,Jason,Freeman,jfreeman5q@yolasite.com,Male,72.11.91.240
208,Shawn,Perry,sperry5r@google.co.jp,Male,127.215.170.176
209,Joe,Porter,jporter5s@europa.eu,Male,77.129.197.255
210,Keith,Diaz,kdiaz5t@altervista.org,Male,51.207.121.180
211,Heather,Henry,hhenry5u@about.com,Female,107.99.50.48
212,Joe,Torres,jtorres5v@amazon.com,Male,25.166.246.131
213,Susan,Henderson,shenderson5w@mlb.com,Female,189.98.111.95
214,Patricia,Rice,price5x@studiopress.com,Female,156.155.8.168
215,Annie,Cunningham,acunningham5y@tiny.cc,Female,89.71.215.145
216,Shirley,Morales,smorales5z@census.gov,Female,247.226.169.90
217,Anthony,Alvarez,aalvarez60@skyrock.com,Male,253.240.59.15
218,Gloria,Johnston,gjohnston61@eventbrite.com,Female,230.214.135.132
219,Walter,Flores,wflores62@abc.net.au,Male,88.144.175.69
220,Matthew,Gray,mgray63@soundcloud.com,Male,148.71.78.116
221,Shirley,Ryan,sryan64@cisco.com,Female,131.91.128.170
222,Daniel,James,djames65@cbsnews.com,Male,104.228.78.49
223,Susan,Gilbert,sgilbert66@themeforest.net,Female,54.24.170.209
224,Christopher,Reid,creid67@vistaprint.com,Male,92.41.86.98
225,Janet,Carr,jcarr68@live.com,Female,79.235.251.158
226,Janet,White,jwhite69@narod.ru,Female,31.45.175.179
227,Mildred,Rose,mrose6a@nbcnews.com,Female,32.216.59.17
228,Frances,Snyder,fsnyder6b@tmall.com,Female,238.75.186.102
229,Frank,Mccoy,fmccoy6c@salon.com,Male,64.168.217.23
230,Judith,Franklin,jfranklin6d@miitbeian.gov.cn,Female,212.195.216.188
231,Donna,Frazier,dfrazier6e@exblog.jp,Female,94.144.208.75
232,Irene,Lynch,ilynch6f@about.me,Female,57.44.215.140
233,Scott,Dunn,sdunn6g@forbes.com,Male,230.34.14.144
234,Laura,Gomez,lgomez6h@sohu.com,Female,172.14.137.30
235,Keith,Matthews,kmatthews6i@reddit.com,Male,189.87.175.155
236,Timothy,Henderson,thenderson6j@loc.gov,Male,117.54.41.187
237,Philip,King,pking6k@geocities.jp,Male,65.237.135.114
238,Ronald,Morris,rmorris6l@baidu.com,Male,136.85.12.50
239,Randy,Thomas,rthomas6m@xrea.com,Male,211.190.66.140
240,Harry,Mendoza,hmendoza6n@nationalgeographic.com,Male,213.68.218.9
241,Raymond,Gordon,rgordon6o@csmonitor.com,Male,45.76.200.181
242,Joseph,Hall,jhall6p@narod.ru,Male,61.138.121.6
243,Howard,Duncan,hduncan6q@guardian.co.uk,Male,51.16.151.120
244,Terry,Rodriguez,trodriguez6r@jigsy.com,Male,18.229.170.35
245,Andrew,Hicks,ahicks6s@deviantart.com,Male,114.3.124.125
246,Jacqueline,Allen,jallen6t@purevolume.com,Female,112.102.64.151
247,Nicole,Hamilton,nhamilton6u@boston.com,Female,122.246.237.204
248,Clarence,Perez,cperez6v@vimeo.com,Male,24.154.173.229
249,Walter,Alvarez,walvarez6w@ebay.com,Male,61.139.16.86
250,Henry,Chavez,hchavez6x@cloudflare.com,Male,194.61.45.238
251,Denise,Harvey,dharvey6y@uol.com.br,Female,14.33.70.237
252,Marilyn,Jenkins,mjenkins6z@npr.org,Female,125.160.72.6
253,Bonnie,Ward,bward70@buzzfeed.com,Female,56.115.55.149
254,Mildred,Oliver,moliver71@google.ca,Female,60.14.156.236
255,Jesse,Myers,jmyers72@163.com,Male,135.202.250.23
256,Deborah,Ramos,dramos73@mashable.com,Female,93.72.255.89
257,Albert,Dean,adean74@mashable.com,Male,134.107.191.230
258,Linda,Cooper,lcooper75@people.com.cn,Female,222.148.2.184
259,Evelyn,Elliott,eelliott76@amazonaws.com,Female,145.108.80.164
260,Scott,Hall,shall77@nba.com,Male,121.100.109.231
261,Jose,Berry,jberry78@weebly.com,Male,87.92.223.180
262,Theresa,Lane,tlane79@diigo.com,Female,109.193.61.132
263,Annie,Greene,agreene7a@ed.gov,Female,48.51.158.7
264,Mildred,Lawson,mlawson7b@msu.edu,Female,233.115.105.251
265,Sean,Olson,solson7c@howstuffworks.com,Male,14.221.123.241
266,Victor,Perkins,vperkins7d@nasa.gov,Male,23.100.208.220
267,Margaret,Diaz,mdiaz7e@squarespace.com,Female,218.179.87.143
268,Joe,Black,jblack7f@webmd.com,Male,211.164.186.55
269,John,Bradley,jbradley7g@theatlantic.com,Male,62.209.111.242
270,Wanda,Stephens,wstephens7h@arizona.edu,Female,183.183.10.54
271,Julie,Ortiz,jortiz7i@cpanel.net,Female,20.189.156.244
272,Pamela,Kennedy,pkennedy7j@cbslocal.com,Female,178.59.172.56
273,Jonathan,Smith,jsmith7k@nationalgeographic.com,Male,15.29.41.36
274,Margaret,Andrews,mandrews7l@kickstarter.com,Female,76.250.195.131
275,Patrick,Woods,pwoods7m@smh.com.au,Male,112.177.194.183
276,Melissa,Chavez,mchavez7n@privacy.gov.au,Female,233.197.14.227
277,Shirley,Andrews,sandrews7o@blinklist.com,Female,74.243.3.192
278,Richard,Jackson,rjackson7p@mediafire.com,Male,78.123.110.231
279,Michelle,Grant,mgrant7q@ovh.net,Female,223.115.147.153
280,Sharon,Campbell,scampbell7r@dyndns.org,Female,146.224.240.115
281,Annie,Garcia,agarcia7s@storify.com,Female,108.208.30.182
282,Gary,Riley,griley7t@redcross.org,Male,39.138.201.112
283,Chris,Carroll,ccarroll7u@apple.com,Male,60.168.85.105
284,Cheryl,Alvarez,calvarez7v@a8.net,Female,44.117.84.16
285,Raymond,Webb,rwebb7w@fda.gov,Male,205.19.231.241
286,Jimmy,Garcia,jgarcia7x@vkontakte.ru,Male,91.216.173.92
287,Martin,Hanson,mhanson7y@mit.edu,Male,224.198.161.162
288,Roger,Dean,rdean7z@myspace.com,Male,121.85.40.235
289,Christine,Lewis,clewis80@bbc.co.uk,Female,250.0.73.119
290,Shirley,Gibson,sgibson81@ft.com,Female,92.70.36.188
291,Michelle,Henderson,mhenderson82@techcrunch.com,Female,23.27.186.167
292,Mark,Woods,mwoods83@princeton.edu,Male,182.217.26.213
293,Harold,Fisher,hfisher84@amazon.com,Male,123.242.236.85
294,Shawn,Chapman,schapman85@microsoft.com,Male,253.111.181.48
295,Robin,Roberts,rroberts86@meetup.com,Female,75.62.183.127
296,Aaron,Cole,acole87@digg.com,Male,145.122.10.149
297,Harry,Barnes,hbarnes88@webmd.com,Male,3.141.148.45
298,Dennis,Murray,dmurray89@deliciousdays.com,Male,195.138.254.93
299,Gregory,George,ggeorge8a@elpais.com,Male,69.221.121.30
300,Justin,Long,jlong8b@fema.gov,Male,90.10.164.76
301,Lisa,Powell,lpowell8c@irs.gov,Female,111.242.58.238
302,Andrew,Carroll,acarroll8d@yahoo.co.jp,Male,207.37.198.98
303,Jennifer,James,jjames8e@twitter.com,Female,94.40.203.225
304,Kathleen,Montgomery,kmontgomery8f@unesco.org,Female,210.64.118.127
305,Andrea,Campbell,acampbell8g@tiny.cc,Female,234.253.63.240
306,Justin,Arnold,jarnold8h@salon.com,Male,183.137.85.211
307,Anna,Frazier,afrazier8i@liveinternet.ru,Female,149.151.196.121
308,Bruce,Wallace,bwallace8j@last.fm,Male,240.22.222.197
309,Catherine,Kennedy,ckennedy8k@sciencedaily.com,Female,138.174.79.148
310,Nancy,Perez,nperez8l@com.com,Female,46.154.221.129
311,Christopher,Snyder,csnyder8m@opensource.org,Male,214.215.41.253
312,Eugene,Mills,emills8n@rakuten.co.jp,Male,207.38.56.181
313,Amanda,Hicks,ahicks8o@chronoengine.com,Female,114.153.102.187
314,Jessica,Long,jlong8p@mayoclinic.com,Female,155.34.167.173
315,Justin,Sims,jsims8q@hp.com,Male,67.152.141.227
316,Joyce,Watson,jwatson8r@foxnews.com,Female,255.135.227.68
317,Evelyn,Edwards,eedwards8s@360.cn,Female,172.237.176.35
318,Wayne,Peterson,wpeterson8t@is.gd,Male,59.103.52.65
319,Jacqueline,Lawrence,jlawrence8u@netvibes.com,Female,90.109.243.136
320,Frank,Frazier,ffrazier8v@elpais.com,Male,22.38.53.166
321,Tammy,Brown,tbrown8w@tripod.com,Female,72.88.28.130
322,Anna,Little,alittle8x@springer.com,Female,225.245.245.83
323,Phillip,Coleman,pcoleman8y@ustream.tv,Male,169.121.49.168
324,Eric,Ferguson,eferguson8z@mit.edu,Male,86.127.160.102
325,Kathleen,Spencer,kspencer90@quantcast.com,Female,182.226.94.12
326,Margaret,Campbell,mcampbell91@nature.com,Female,150.181.244.51
327,Elizabeth,Daniels,edaniels92@jalbum.net,Female,90.100.161.125
328,Harold,Mendoza,hmendoza93@columbia.edu,Male,21.250.185.176
329,Lisa,Carr,lcarr94@csmonitor.com,Female,39.132.216.219
330,Louise,Phillips,lphillips95@webs.com,Female,25.67.90.128
331,Arthur,Cruz,acruz96@gizmodo.com,Male,9.253.133.167
332,James,Hicks,jhicks97@amazon.com,Male,155.126.223.77
333,Scott,Williams,swilliams98@tripod.com,Male,114.177.248.145
334,Ashley,Ruiz,aruiz99@twitpic.com,Female,158.37.25.111
335,Paul,Ortiz,portiz9a@ed.gov,Male,14.218.233.133
336,Judy,West,jwest9b@shop-pro.jp,Female,196.9.125.109
337,Amy,Phillips,aphillips9c@dell.com,Female,85.155.130.109
338,Julie,Hamilton,jhamilton9d@wunderground.com,Female,168.9.21.226
339,Laura,Olson,lolson9e@bloglines.com,Female,38.126.142.166
340,Diane,Anderson,danderson9f@cbslocal.com,Female,58.210.11.98
341,Jessica,Jordan,jjordan9g@soundcloud.com,Female,233.68.85.182
342,Larry,Phillips,lphillips9h@hc360.com,Male,148.25.146.194
343,Mary,Stevens,mstevens9i@yellowbook.com,Female,225.157.212.78
344,Mildred,Allen,mallen9j@miibeian.gov.cn,Female,236.85.107.236
345,Kathleen,Brown,kbrown9k@spiegel.de,Female,142.71.68.70
346,Jeffrey,Torres,jtorres9l@loc.gov,Male,219.105.189.9
347,Jason,Hernandez,jhernandez9m@google.co.uk,Male,140.9.204.98
348,Dorothy,Brown,dbrown9n@geocities.com,Female,210.202.105.44
349,Harry,Thompson,hthompson9o@feedburner.com,Male,30.3.200.168
350,Earl,Bennett,ebennett9p@fotki.com,Male,120.208.99.118
351,Phillip,Mitchell,pmitchell9q@usatoday.com,Male,253.210.180.234
352,Wayne,Rogers,wrogers9r@bloomberg.com,Male,99.8.86.98
353,Barbara,Ramirez,bramirez9s@ameblo.jp,Female,31.232.34.151
354,Debra,Ruiz,druiz9t@reddit.com,Female,22.8.1.201
355,Shirley,Harper,sharper9u@e-recht24.de,Female,187.5.119.112
356,Michael,Gonzalez,mgonzalez9v@wiley.com,Male,74.87.60.20
357,Julia,Torres,jtorres9w@who.int,Female,144.185.241.202
358,Scott,Holmes,sholmes9x@last.fm,Male,22.244.240.173
359,Jerry,Ramos,jramos9y@woothemes.com,Male,8.171.131.26
360,Kathryn,Black,kblack9z@oakley.com,Female,20.135.162.94
361,Johnny,Bailey,jbaileya0@flavors.me,Male,218.124.113.238
362,Tina,Green,tgreena1@shop-pro.jp,Female,245.19.82.241
363,Kenneth,Ray,kraya2@xrea.com,Male,115.156.196.180
364,Robin,Patterson,rpattersona3@buzzfeed.com,Female,86.27.149.2
365,Paul,Jordan,pjordana4@hhs.gov,Male,101.52.142.255
366,Brenda,Wheeler,bwheelera5@comsenz.com,Female,31.42.127.128
367,Debra,Fowler,dfowlera6@wix.com,Female,162.64.8.81
368,Steve,Mitchell,smitchella7@cnn.com,Male,119.106.62.165
369,Alice,Washington,awashingtona8@yelp.com,Female,187.68.254.230
370,Jeffrey,Wells,jwellsa9@nymag.com,Male,10.170.163.28
371,Melissa,Robertson,mrobertsonaa@cnet.com,Female,107.7.247.124
372,Nicole,Kim,nkimab@ted.com,Female,183.121.224.179
373,Alan,Edwards,aedwardsac@ustream.tv,Male,193.41.94.62
374,Louise,Bailey,lbaileyad@google.fr,Female,154.34.67.38
375,Carl,Davis,cdavisae@irs.gov,Male,246.211.176.112
376,Samuel,Carr,scarraf@china.com.cn,Male,117.225.28.237
377,William,Robertson,wrobertsonag@weibo.com,Male,171.26.90.174
378,Thomas,Smith,tsmithah@harvard.edu,Male,175.42.101.102
379,Frank,Griffin,fgriffinai@1688.com,Male,68.163.251.56
380,Jerry,Chapman,jchapmanaj@nbcnews.com,Male,207.43.33.112
381,Christina,Webb,cwebbak@ca.gov,Female,50.229.96.201
382,Patricia,Edwards,pedwardsal@thetimes.co.uk,Female,56.207.213.103
383,Christina,Gilbert,cgilbertam@sfgate.com,Female,153.221.77.12
384,Raymond,Richards,rrichardsan@facebook.com,Male,36.167.173.237
385,Dorothy,Wright,dwrightao@techcrunch.com,Female,237.188.154.106
386,Edward,Lawson,elawsonap@reference.com,Male,200.6.95.235
387,Jose,Gonzalez,jgonzalezaq@blinklist.com,Male,51.178.53.96
388,Wayne,Russell,wrussellar@slideshare.net,Male,92.75.37.172
389,Carol,Robertson,crobertsonas@chronoengine.com,Female,232.171.169.225
390,Fred,Mendoza,fmendozaat@imageshack.us,Male,95.224.14.95
391,Edward,Hamilton,ehamiltonau@answers.com,Male,181.138.226.12
392,Stephen,Harper,sharperav@cafepress.com,Male,88.74.193.233
393,Martin,Morales,mmoralesaw@merriam-webster.com,Male,17.14.91.136
394,Nicholas,Roberts,nrobertsax@freewebs.com,Male,47.244.182.142
395,Juan,Shaw,jshaway@scribd.com,Male,220.183.231.240
396,Albert,Roberts,arobertsaz@purevolume.com,Male,247.222.6.192
397,Frank,Baker,fbakerb0@gizmodo.com,Male,54.235.201.122
398,Margaret,Watson,mwatsonb1@army.mil,Female,225.73.5.229
399,Carolyn,Reyes,creyesb2@dyndns.org,Female,198.6.220.168
400,Dorothy,Hudson,dhudsonb3@washingtonpost.com,Female,77.81.216.100
401,Peter,Carter,pcarterb4@ucoz.ru,Male,157.200.240.91
402,Joyce,Daniels,jdanielsb5@vimeo.com,Female,227.170.72.229
403,Christine,Kelly,ckellyb6@dot.gov,Female,161.231.216.127
404,Janet,Day,jdayb7@parallels.com,Female,172.165.200.123
405,Brian,Martin,bmartinb8@github.com,Male,95.62.236.31
406,Donald,Rogers,drogersb9@sun.com,Male,80.43.125.213
407,Andrea,Robertson,arobertsonba@about.com,Female,231.18.58.133
408,Carolyn,Castillo,ccastillobb@usa.gov,Female,32.50.241.95
409,Diana,Hanson,dhansonbc@wired.com,Female,84.177.122.128
410,Jean,James,jjamesbd@cnet.com,Female,31.13.148.237
411,Patrick,Johnson,pjohnsonbe@multiply.com,Male,222.66.230.89
412,Elizabeth,Brown,ebrownbf@smugmug.com,Female,201.219.70.105
413,Jean,Carroll,jcarrollbg@wikipedia.org,Female,197.200.65.21
414,Steven,Crawford,scrawfordbh@state.gov,Male,119.101.145.253
415,Katherine,Foster,kfosterbi@gov.uk,Female,128.34.97.214
416,Benjamin,Sanchez,bsanchezbj@hubpages.com,Male,162.139.232.247
417,Robert,Romero,rromerobk@elegantthemes.com,Male,39.125.224.155
418,Paul,Kennedy,pkennedybl@icq.com,Male,19.192.167.116
419,Douglas,Sanchez,dsanchezbm@vinaora.com,Male,174.168.124.19
420,Joe,Brooks,jbrooksbn@ehow.com,Male,140.168.120.106
421,Donna,James,djamesbo@patch.com,Female,242.243.66.38
422,Teresa,Stewart,tstewartbp@vistaprint.com,Female,60.88.184.73
423,Alan,Olson,aolsonbq@utexas.edu,Male,127.60.90.86
424,Nancy,Simmons,nsimmonsbr@engadget.com,Female,155.66.1.29
425,Denise,Rivera,driverabs@apache.org,Female,197.131.214.185
426,Michelle,Jones,mjonesbt@purevolume.com,Female,66.126.58.58
427,Fred,Shaw,fshawbu@gnu.org,Male,75.10.252.26
428,Teresa,James,tjamesbv@cbc.ca,Female,25.93.57.118
429,Steve,Wheeler,swheelerbw@noaa.gov,Male,40.162.38.112
430,Steve,Sanders,ssandersbx@sphinn.com,Male,92.116.203.243
431,Carolyn,Wright,cwrightby@state.gov,Female,217.241.180.82
432,Juan,Porter,jporterbz@reference.com,Male,36.2.19.142
433,Jesse,Dean,jdeanc0@pcworld.com,Male,163.127.248.170
434,Russell,Harrison,rharrisonc1@cisco.com,Male,228.143.74.24
435,Billy,Jackson,bjacksonc2@hhs.gov,Male,239.73.198.25
436,Tina,Warren,twarrenc3@live.com,Female,58.4.221.120
437,Russell,Kelley,rkelleyc4@jalbum.net,Male,113.189.90.173
438,Frank,Day,fdayc5@nbcnews.com,Male,29.202.191.34
439,David,Sanchez,dsanchezc6@latimes.com,Male,146.18.34.71
440,Jeremy,Hudson,jhudsonc7@newsvine.com,Male,2.255.148.133
441,Arthur,Gardner,agardnerc8@zimbio.com,Male,104.25.138.42
442,Christopher,Meyer,cmeyerc9@intel.com,Male,231.148.162.23
443,Howard,Payne,hpayneca@cisco.com,Male,140.111.149.149
444,Louise,Mason,lmasoncb@mtv.com,Female,237.242.66.155
445,Emily,Patterson,epattersoncc@webs.com,Female,173.133.101.228
446,Marilyn,Simpson,msimpsoncd@java.com,Female,138.71.172.218
447,Kelly,Hughes,khughesce@meetup.com,Female,29.97.190.132
448,Theresa,Little,tlittlecf@berkeley.edu,Female,114.198.107.238
449,Cynthia,Lynch,clynchcg@answers.com,Female,78.180.94.110
450,Ashley,Stone,astonech@technorati.com,Female,230.191.144.235
451,Alice,Ward,awardci@theglobeandmail.com,Female,220.219.109.10
452,Wayne,Chavez,wchavezcj@indiegogo.com,Male,11.162.1.134
453,Mildred,Olson,molsonck@odnoklassniki.ru,Female,132.9.41.54
454,Wanda,Ross,wrosscl@nymag.com,Female,21.88.95.117
455,Anthony,Hayes,ahayescm@dagondesign.com,Male,201.10.37.132
456,Peter,Bennett,pbennettcn@wikispaces.com,Male,182.132.61.56
457,Donald,Stewart,dstewartco@mayoclinic.com,Male,204.10.242.237
458,Theresa,Fields,tfieldscp@studiopress.com,Female,29.48.5.62
459,Phyllis,West,pwestcq@comcast.net,Female,247.199.241.42
460,Carl,Ford,cfordcr@hibu.com,Male,243.168.186.40
461,Lisa,Johnson,ljohnsoncs@arizona.edu,Female,192.122.92.240
462,Kathleen,Phillips,kphillipsct@reddit.com,Female,141.109.90.62
463,Ernest,Wilson,ewilsoncu@icq.com,Male,182.237.19.22
464,Amanda,Lane,alanecv@cam.ac.uk,Female,66.232.67.96
465,Linda,Mcdonald,lmcdonaldcw@cdc.gov,Female,99.148.188.87
466,Phyllis,Bryant,pbryantcx@goo.ne.jp,Female,200.105.8.253
467,Jean,Mitchell,jmitchellcy@bing.com,Female,175.170.129.214
468,Bonnie,Myers,bmyerscz@stanford.edu,Female,47.34.56.122
469,Gloria,Black,gblackd0@nps.gov,Female,231.26.204.117
470,Frank,Evans,fevansd1@bbb.org,Male,242.100.87.200
471,Harry,Wagner,hwagnerd2@yale.edu,Male,89.226.96.138
472,Arthur,Vasquez,avasquezd3@unesco.org,Male,183.86.132.11
473,Jane,Little,jlittled4@netscape.com,Female,232.17.235.24
474,Johnny,Kelley,jkelleyd5@tripadvisor.com,Male,142.35.88.89
475,Justin,Washington,jwashingtond6@newsvine.com,Male,129.213.70.61
476,Diana,Miller,dmillerd7@creativecommons.org,Female,66.98.54.219
477,Lori,Hernandez,lhernandezd8@domainmarket.com,Female,239.250.101.11
478,Mildred,Rice,mriced9@360.cn,Female,248.84.81.66
479,Craig,Martinez,cmartinezda@skyrock.com,Male,151.194.180.88
480,Dorothy,Nelson,dnelsondb@godaddy.com,Female,39.210.17.160
481,Stephanie,Long,slongdc@dropbox.com,Female,27.119.153.215
482,Brandon,Lawrence,blawrencedd@youtu.be,Male,207.253.45.126
483,Howard,Olson,holsonde@plala.or.jp,Male,104.82.207.241
484,Beverly,Torres,btorresdf@nbcnews.com,Female,218.127.70.104
485,Teresa,Nelson,tnelsondg@i2i.jp,Female,16.221.231.41
486,Anthony,Reyes,areyesdh@ca.gov,Male,143.182.254.225
487,Willie,Patterson,wpattersondi@tinyurl.com,Male,26.247.30.62
488,Bobby,Hudson,bhudsondj@mediafire.com,Male,140.103.18.40
489,Robert,Burton,rburtondk@shareasale.com,Male,46.48.119.190
490,Dennis,Greene,dgreenedl@theglobeandmail.com,Male,39.212.208.147
491,John,Daniels,jdanielsdm@smh.com.au,Male,228.142.205.51
492,Kathy,Mccoy,kmccoydn@123-reg.co.uk,Female,122.121.195.214
493,Shirley,Rodriguez,srodriguezdo@e-recht24.de,Female,52.216.202.23
494,Robert,Jenkins,rjenkinsdp@oakley.com,Male,47.148.109.89
495,Roy,Romero,rromerodq@taobao.com,Male,170.40.167.173
496,Ralph,Wallace,rwallacedr@so-net.ne.jp,Male,32.49.22.90
497,Martin,Parker,mparkerds@salon.com,Male,169.92.216.165
498,Kathryn,Coleman,kcolemandt@yandex.ru,Female,38.98.9.3
499,Julia,Price,jpricedu@hibu.com,Female,175.90.178.179
500,Sara,Murphy,smurphydv@wikipedia.org,Female,186.218.87.243
501,Kathryn,Fisher,kfisherdw@so-net.ne.jp,Female,68.91.140.82
502,Wayne,Stevens,wstevensdx@wisc.edu,Male,232.157.238.233
503,Alan,Lopez,alopezdy@marriott.com,Male,135.36.18.155
504,Betty,Moore,bmooredz@nasa.gov,Female,36.34.25.96
505,Irene,Phillips,iphillipse0@paginegialle.it,Female,237.210.99.1
506,Kathryn,Larson,klarsone1@redcross.org,Female,246.18.140.253
507,Theresa,Wheeler,twheelere2@google.com,Female,143.125.233.32
508,Carol,Ferguson,cfergusone3@patch.com,Female,105.7.251.224
509,Jennifer,Hansen,jhansene4@amazon.co.jp,Female,27.177.217.245
510,Denise,Bennett,dbennette5@hhs.gov,Female,216.58.27.185
511,Larry,Owens,lowense6@ocn.ne.jp,Male,35.88.248.160
512,Lois,Miller,lmillere7@usnews.com,Female,146.16.41.169
513,Eric,Rice,ericee8@ihg.com,Male,213.93.161.96
514,Albert,Hill,ahille9@unc.edu,Male,85.146.248.129
515,Douglas,Robertson,drobertsonea@webs.com,Male,56.33.111.97
516,James,Ross,jrosseb@prnewswire.com,Male,197.53.1.206
517,Nancy,Hughes,nhughesec@boston.com,Female,97.67.35.28
518,Mildred,Riley,mrileyed@arizona.edu,Female,58.82.30.13
519,Harry,Stone,hstoneee@about.me,Male,8.245.70.11
520,Linda,Grant,lgrantef@de.vu,Female,241.228.240.75
521,Julia,Garrett,jgarretteg@moonfruit.com,Female,235.26.77.26
522,Terry,Wheeler,twheelereh@chron.com,Male,84.169.89.14
523,Helen,Wood,hwoodei@myspace.com,Female,197.172.81.197
524,Nicholas,Schmidt,nschmidtej@technorati.com,Male,24.52.248.183
525,Alan,Fisher,afisherek@chronoengine.com,Male,232.199.101.182
526,Joe,Garza,jgarzael@ezinearticles.com,Male,125.76.102.107
527,Ann,Medina,amedinaem@illinois.edu,Female,41.5.215.247
528,Amy,Hill,ahillen@fema.gov,Female,84.166.79.176
529,Timothy,Evans,tevanseo@ycombinator.com,Male,233.146.106.128
530,Christina,Bell,cbellep@walmart.com,Female,171.52.18.1
531,Eugene,Harrison,eharrisoneq@prnewswire.com,Male,146.228.21.46
532,Irene,Reynolds,ireynoldser@vk.com,Female,159.191.1.29
533,Nancy,Cox,ncoxes@umn.edu,Female,151.241.209.207
534,Heather,Perkins,hperkinset@unicef.org,Female,75.252.106.21
535,Johnny,Cook,jcookeu@eepurl.com,Male,17.41.243.169
536,Clarence,Duncan,cduncanev@hp.com,Male,148.80.7.179
537,Eric,Little,elittleew@fema.gov,Male,211.203.49.117
538,Jonathan,Patterson,jpattersonex@tuttocitta.it,Male,123.57.78.28
539,Doris,Vasquez,dvasquezey@statcounter.com,Female,132.13.253.158
540,Shawn,Wheeler,swheelerez@hhs.gov,Male,31.133.199.79
541,Harry,Martinez,hmartinezf0@loc.gov,Male,4.102.42.199
542,Deborah,Grant,dgrantf1@angelfire.com,Female,254.54.227.252
543,Brian,Hanson,bhansonf2@pinterest.com,Male,132.17.25.7
544,Jessica,Lynch,jlynchf3@tuttocitta.it,Female,124.149.118.5
545,Jonathan,Ross,jrossf4@comsenz.com,Male,81.217.181.75
546,Justin,Burton,jburtonf5@netscape.com,Male,68.32.247.248
547,Emily,Hart,ehartf6@goo.gl,Female,238.236.14.14
548,Anne,Carter,acarterf7@t-online.de,Female,226.138.11.204
549,Sara,Butler,sbutlerf8@meetup.com,Female,161.1.225.60
550,Thomas,Carr,tcarrf9@engadget.com,Male,150.32.157.195
551,Catherine,Meyer,cmeyerfa@accuweather.com,Female,132.18.0.84
552,Ruby,Scott,rscottfb@va.gov,Female,212.210.253.37
553,Craig,Hansen,chansenfc@cbc.ca,Male,174.29.163.93
554,Joseph,Nelson,jnelsonfd@about.com,Male,146.60.152.13
555,Lawrence,Wagner,lwagnerfe@nymag.com,Male,145.155.195.179
556,Katherine,Barnes,kbarnesff@mashable.com,Female,201.142.10.14
557,Philip,Mitchell,pmitchellfg@sciencedaily.com,Male,176.35.169.193
558,Rachel,Reid,rreidfh@sfgate.com,Female,240.105.205.145
559,Kenneth,Lynch,klynchfi@gravatar.com,Male,227.226.146.99
560,Laura,Wallace,lwallacefj@alibaba.com,Female,205.106.44.27
561,Ronald,Kelley,rkelleyfk@fastcompany.com,Male,24.89.234.116
562,Julia,Reyes,jreyesfl@blogger.com,Female,148.49.168.200
563,Harry,Turner,hturnerfm@cloudflare.com,Male,68.67.129.209
564,Adam,Ellis,aellisfn@hugedomains.com,Male,115.231.82.215
565,Kathleen,Matthews,kmatthewsfo@narod.ru,Female,192.184.148.136
566,Margaret,Stewart,mstewartfp@yellowbook.com,Female,95.235.56.91
567,Sarah,Boyd,sboydfq@comcast.net,Female,243.63.159.235
568,Elizabeth,Watkins,ewatkinsfr@tuttocitta.it,Female,6.218.255.183
569,Anna,Montgomery,amontgomeryfs@ning.com,Female,246.238.77.167
570,Kelly,Anderson,kandersonft@exblog.jp,Female,203.144.38.61
571,Aaron,Rogers,arogersfu@timesonline.co.uk,Male,205.247.118.19
572,Phillip,Miller,pmillerfv@scientificamerican.com,Male,127.178.153.201
573,Adam,Martinez,amartinezfw@independent.co.uk,Male,62.247.201.201
574,Steven,Collins,scollinsfx@dagondesign.com,Male,254.42.4.194
575,Sara,Holmes,sholmesfy@oaic.gov.au,Female,221.107.177.70
576,Clarence,Ramirez,cramirezfz@microsoft.com,Male,86.226.138.47
577,Carolyn,Stanley,cstanleyg0@admin.ch,Female,229.84.196.74
578,Helen,Harrison,hharrisong1@parallels.com,Female,14.142.55.48
579,Joyce,Smith,jsmithg2@webnode.com,Female,251.150.12.242
580,James,Martinez,jmartinezg3@skype.com,Male,63.114.89.145
581,Diana,Harvey,dharveyg4@list-manage.com,Female,50.131.195.183
582,Douglas,Thomas,dthomasg5@wordpress.com,Male,98.21.165.95
583,Michael,Kelly,mkellyg6@yellowbook.com,Male,101.107.193.75
584,Jose,Greene,jgreeneg7@google.fr,Male,246.186.242.35
585,Stephen,Spencer,sspencerg8@multiply.com,Male,69.125.188.54
586,Carol,Garza,cgarzag9@gnu.org,Female,104.142.65.86
587,Marie,Banks,mbanksga@europa.eu,Female,254.108.193.109
588,Sean,Evans,sevansgb@deliciousdays.com,Male,151.131.210.101
589,Carlos,Gray,cgraygc@taobao.com,Male,247.177.173.181
590,Stephen,Martinez,smartinezgd@spiegel.de,Male,104.243.150.136
591,Joseph,Mills,jmillsge@zdnet.com,Male,230.84.132.63
592,Walter,Carpenter,wcarpentergf@cargocollective.com,Male,144.93.46.91
593,Judy,Lawrence,jlawrencegg@nyu.edu,Female,244.190.100.222
594,Steven,Bennett,sbennettgh@ocn.ne.jp,Male,252.217.4.151
595,Lillian,Ramos,lramosgi@npr.org,Female,123.90.167.195
596,Jonathan,Barnes,jbarnesgj@pen.io,Male,82.223.140.131
597,Todd,Brooks,tbrooksgk@unesco.org,Male,202.235.145.48
598,Louise,Young,lyounggl@altervista.org,Female,243.99.236.82
599,Joyce,Garza,jgarzagm@umn.edu,Female,217.248.224.250
600,Ruby,Garza,rgarzagn@dion.ne.jp,Female,171.233.211.107
601,Sharon,Richardson,srichardsongo@accuweather.com,Female,154.190.42.238
602,Sean,Price,spricegp@drupal.org,Male,239.128.139.135
603,Sara,Ferguson,sfergusongq@marketwatch.com,Female,199.179.77.92
604,Jessica,Bowman,jbowmangr@printfriendly.com,Female,19.97.123.171
605,Stephanie,Mccoy,smccoygs@ed.gov,Female,65.103.187.209
606,Cynthia,Gardner,cgardnergt@dion.ne.jp,Female,253.236.91.98
607,Bruce,Torres,btorresgu@feedburner.com,Male,73.89.158.91
608,Brian,Myers,bmyersgv@imgur.com,Male,230.131.178.67
609,Barbara,Freeman,bfreemangw@gov.uk,Female,164.159.239.45
610,Juan,Andrews,jandrewsgx@ifeng.com,Male,35.135.179.81
611,Juan,Boyd,jboydgy@examiner.com,Male,182.1.199.238
612,Matthew,Reed,mreedgz@taobao.com,Male,42.100.28.152
613,Donald,Bryant,dbryanth0@springer.com,Male,197.232.95.31
614,Albert,Warren,awarrenh1@paginegialle.it,Male,101.187.4.239
615,Helen,Fields,hfieldsh2@cbsnews.com,Female,100.141.219.211
616,Robin,Mcdonald,rmcdonaldh3@washingtonpost.com,Female,29.173.84.194
617,Paul,Price,ppriceh4@shop-pro.jp,Male,146.17.168.180
618,Virginia,Russell,vrussellh5@sohu.com,Female,159.73.183.217
619,Jose,Gonzalez,jgonzalezh6@digg.com,Male,137.56.82.239
620,Adam,Jacobs,ajacobsh7@mozilla.com,Male,85.155.145.162
621,Nicole,Bailey,nbaileyh8@myspace.com,Female,35.169.186.79
622,Bobby,Dixon,bdixonh9@twitpic.com,Male,112.215.247.73
623,Bonnie,Ramos,bramosha@mac.com,Female,255.207.157.131
624,Marilyn,Bennett,mbennetthb@npr.org,Female,208.239.125.136
625,Anna,Day,adayhc@mlb.com,Female,42.173.50.223
626,Julia,Morgan,jmorganhd@goo.gl,Female,74.108.106.215
627,Melissa,Watson,mwatsonhe@nbcnews.com,Female,201.39.98.214
628,Ruth,Schmidt,rschmidthf@vistaprint.com,Female,209.191.168.20
629,Joan,Hawkins,jhawkinshg@netlog.com,Female,49.193.234.168
630,Earl,Cruz,ecruzhh@unesco.org,Male,217.115.88.102
631,Jimmy,Foster,jfosterhi@smh.com.au,Male,111.117.166.152
632,Bobby,Stevens,bstevenshj@abc.net.au,Male,195.36.231.22
633,Howard,Baker,hbakerhk@creativecommons.org,Male,98.8.160.131
634,Aaron,Lopez,alopezhl@amazon.com,Male,235.136.161.203
635,Christine,Harrison,charrisonhm@thetimes.co.uk,Female,121.77.220.187
636,Anne,Montgomery,amontgomeryhn@nature.com,Female,47.193.0.21
637,Susan,Chapman,schapmanho@who.int,Female,189.241.54.209
638,Patrick,Palmer,ppalmerhp@macromedia.com,Male,47.5.125.94
639,Jack,Burton,jburtonhq@qq.com,Male,204.71.50.205
640,Victor,Romero,vromerohr@nih.gov,Male,174.121.213.214
641,Joseph,Tucker,jtuckerhs@ameblo.jp,Male,192.227.206.221
642,Amanda,Perry,aperryht@pbs.org,Female,253.233.212.189
643,Eugene,Meyer,emeyerhu@techcrunch.com,Male,59.246.94.159
644,Heather,Roberts,hrobertshv@sakura.ne.jp,Female,50.217.19.44
645,Sharon,Bailey,sbaileyhw@phpbb.com,Female,198.139.148.155
646,William,Ellis,wellishx@nifty.com,Male,138.104.216.16
647,Roger,Gilbert,rgilberthy@twitpic.com,Male,240.78.42.142
648,Lois,Wagner,lwagnerhz@dion.ne.jp,Female,163.121.110.116
649,Edward,Howard,ehowardi0@blog.com,Male,107.70.132.14
650,Andrea,Reed,areedi1@redcross.org,Female,162.19.12.183
651,Lillian,Harrison,lharrisoni2@biglobe.ne.jp,Female,209.65.93.73
652,Shawn,Jordan,sjordani3@aboutads.info,Male,229.3.41.147
653,Ronald,Welch,rwelchi4@deviantart.com,Male,12.77.242.49
654,Jennifer,Owens,jowensi5@cyberchimps.com,Female,51.162.97.127
655,Louis,Ferguson,lfergusoni6@businesswire.com,Male,233.157.83.134
656,Marilyn,Owens,mowensi7@yandex.ru,Female,5.196.41.94
657,Catherine,Fernandez,cfernandezi8@webnode.com,Female,93.243.234.4
658,Joyce,Adams,jadamsi9@biglobe.ne.jp,Female,210.157.37.217
659,Todd,Payne,tpayneia@china.com.cn,Male,67.255.156.188
660,Chris,George,cgeorgeib@europa.eu,Male,105.234.1.101
661,Terry,Cole,tcoleic@youtube.com,Male,62.38.67.99
662,Louis,Hunter,lhunterid@blogspot.com,Male,242.196.124.30
663,Michael,Reyes,mreyesie@wired.com,Male,21.102.226.6
664,Carl,Garcia,cgarciaif@apache.org,Male,232.62.165.35
665,Gloria,Ferguson,gfergusonig@sohu.com,Female,0.179.175.18
666,Norma,Wallace,nwallaceih@odnoklassniki.ru,Female,95.101.97.236
667,Eugene,Howell,ehowellii@nhs.uk,Male,234.162.96.151
668,Katherine,Ramos,kramosij@home.pl,Female,29.149.100.205
669,Doris,Morales,dmoralesik@altervista.org,Female,176.30.73.169
670,Rachel,Bailey,rbaileyil@e-recht24.de,Female,179.71.218.119
671,Angela,Harvey,aharveyim@blinklist.com,Female,168.66.70.59
672,Victor,Watkins,vwatkinsin@sciencedirect.com,Male,243.53.3.61
673,Jimmy,Roberts,jrobertsio@globo.com,Male,181.126.251.214
674,Ryan,Richards,rrichardsip@newyorker.com,Male,100.247.200.52
675,Heather,Gordon,hgordoniq@google.ca,Female,196.107.165.95
676,Kenneth,Weaver,kweaverir@free.fr,Male,188.33.52.121
677,Margaret,Hernandez,mhernandezis@chron.com,Female,207.65.17.174
678,Martin,Fisher,mfisherit@cafepress.com,Male,220.150.143.216
679,Wayne,White,wwhiteiu@nymag.com,Male,226.159.221.243
680,Dennis,Frazier,dfrazieriv@netvibes.com,Male,252.192.170.35
681,Paul,Frazier,pfrazieriw@gravatar.com,Male,167.23.141.148
682,Amanda,Lawson,alawsonix@multiply.com,Female,247.21.135.78
683,Russell,Morgan,rmorganiy@nyu.edu,Male,77.255.140.50
684,William,Franklin,wfrankliniz@ow.ly,Male,14.176.20.26
685,Russell,Harvey,rharveyj0@vimeo.com,Male,225.157.245.90
686,Jeffrey,Jenkins,jjenkinsj1@springer.com,Male,43.99.119.99
687,Justin,Kelly,jkellyj2@de.vu,Male,77.126.177.166
688,Catherine,Jones,cjonesj3@clickbank.net,Female,223.222.108.152
689,Benjamin,Willis,bwillisj4@desdev.cn,Male,66.150.84.95
690,Theresa,Peters,tpetersj5@cdbaby.com,Female,153.156.198.176
691,Phyllis,Rivera,priveraj6@virginia.edu,Female,137.54.18.19
692,Katherine,Walker,kwalkerj7@ning.com,Female,154.82.28.67
693,Maria,Carroll,mcarrollj8@theguardian.com,Female,105.216.127.83
694,Sandra,Scott,sscottj9@google.ru,Female,2.79.184.51
695,Terry,Franklin,tfranklinja@unesco.org,Male,94.24.168.25
696,Donna,Sullivan,dsullivanjb@webnode.com,Female,207.193.187.238
697,Juan,Morrison,jmorrisonjc@sohu.com,Male,219.87.7.110
698,Debra,Wagner,dwagnerjd@hibu.com,Female,35.15.164.12
699,Clarence,Nichols,cnicholsje@seesaa.net,Male,191.118.185.18
700,Frank,Ellis,fellisjf@umn.edu,Male,18.84.71.87
701,Emily,Daniels,edanielsjg@seesaa.net,Female,164.166.86.165
702,Teresa,Rivera,triverajh@weibo.com,Female,64.249.112.156
703,Henry,Henderson,hhendersonji@economist.com,Male,245.38.51.78
704,Linda,Dean,ldeanjj@harvard.edu,Female,223.212.136.140
705,Beverly,Andrews,bandrewsjk@smugmug.com,Female,21.194.67.164
706,Sean,Medina,smedinajl@istockphoto.com,Male,58.50.23.103
707,Donald,Marshall,dmarshalljm@quantcast.com,Male,164.221.224.157
708,Edward,Fernandez,efernandezjn@cyberchimps.com,Male,166.14.60.180
709,Ronald,George,rgeorgejo@chronoengine.com,Male,142.67.190.145
710,Jacqueline,Graham,jgrahamjp@parallels.com,Female,2.82.246.25
711,Tina,Torres,ttorresjq@omniture.com,Female,230.58.98.37
712,Kimberly,Harper,kharperjr@fotki.com,Female,155.124.22.162
713,Ryan,Gardner,rgardnerjs@cloudflare.com,Male,194.5.135.141
714,Joyce,Sanders,jsandersjt@hao123.com,Female,44.139.56.95
715,Richard,Ryan,rryanju@godaddy.com,Male,152.242.154.141
716,Joseph,Barnes,jbarnesjv@time.com,Male,29.49.226.160
717,Jason,Mills,jmillsjw@hibu.com,Male,207.200.66.212
718,Barbara,Hansen,bhansenjx@youtube.com,Female,166.224.62.60
719,Susan,Stewart,sstewartjy@time.com,Female,35.150.94.153
720,Ruby,Willis,rwillisjz@themeforest.net,Female,161.110.199.84
721,Kathryn,Mccoy,kmccoyk0@redcross.org,Female,221.176.14.121
722,David,Burke,dburkek1@trellian.com,Male,92.226.206.1
723,Martha,Banks,mbanksk2@dailymail.co.uk,Female,76.61.62.118
724,Jeffrey,Fields,jfieldsk3@csmonitor.com,Male,86.28.53.28
725,Bobby,Bradley,bbradleyk4@tamu.edu,Male,169.149.249.87
726,Alan,Burton,aburtonk5@devhub.com,Male,161.103.254.157
727,Kimberly,Patterson,kpattersonk6@themeforest.net,Female,139.170.96.82
728,Victor,Ramos,vramosk7@clickbank.net,Male,196.42.177.16
729,Lillian,George,lgeorgek8@discuz.net,Female,38.221.129.83
730,Harry,King,hkingk9@issuu.com,Male,251.136.245.29
731,Pamela,Romero,promeroka@prweb.com,Female,198.180.187.220
732,Elizabeth,Greene,egreenekb@hubpages.com,Female,27.147.184.63
733,Marilyn,Gutierrez,mgutierrezkc@phoca.cz,Female,120.227.218.193
734,Joseph,Frazier,jfrazierkd@google.com,Male,93.220.132.197
735,Roger,Mendoza,rmendozake@ow.ly,Male,20.225.105.176
736,Diana,Carr,dcarrkf@last.fm,Female,45.223.2.183
737,Maria,Fowler,mfowlerkg@sciencedaily.com,Female,169.154.123.65
738,Daniel,Sanchez,dsanchezkh@mediafire.com,Male,121.153.187.105
739,Ernest,Lee,eleeki@about.com,Male,196.76.228.191
740,Lori,Murphy,lmurphykj@tmall.com,Female,69.24.210.233
741,Doris,Perry,dperrykk@jugem.jp,Female,244.136.206.91
742,Fred,Reyes,freyeskl@hud.gov,Male,211.160.48.114
743,Cynthia,Lee,cleekm@sakura.ne.jp,Female,68.41.2.79
744,Ruby,Gilbert,rgilbertkn@furl.net,Female,192.149.30.124
745,Janice,Castillo,jcastilloko@theguardian.com,Female,111.158.130.199
746,Steve,Carter,scarterkp@ycombinator.com,Male,33.36.24.111
747,Anthony,Lane,alanekq@blogs.com,Male,3.174.225.218
748,Joe,Carroll,jcarrollkr@woothemes.com,Male,78.201.203.42
749,Ann,Collins,acollinsks@goo.gl,Female,2.169.57.111
750,Nancy,Riley,nrileykt@ebay.com,Female,80.114.72.197
751,Jessica,Stewart,jstewartku@ebay.com,Female,98.163.165.238
752,Keith,Bailey,kbaileykv@whitehouse.gov,Male,190.136.214.34
753,John,Burton,jburtonkw@google.com.br,Male,114.43.34.238
754,William,Gordon,wgordonkx@people.com.cn,Male,58.246.83.10
755,Judith,Austin,jaustinky@usgs.gov,Female,253.6.130.27
756,Lawrence,Payne,lpaynekz@si.edu,Male,101.66.247.225
757,Gregory,Harvey,gharveyl0@dropbox.com,Male,104.98.72.202
758,Steve,Kelley,skelleyl1@redcross.org,Male,73.255.12.10
759,Chris,Holmes,cholmesl2@cocolog-nifty.com,Male,227.150.217.171
760,Joshua,Pierce,jpiercel3@youku.com,Male,188.9.170.24
761,Ruby,Crawford,rcrawfordl4@amazonaws.com,Female,56.199.146.170
762,Laura,Owens,lowensl5@indiatimes.com,Female,187.178.168.183
763,Melissa,Hill,mhilll6@friendfeed.com,Female,227.103.147.198
764,Gary,Sanders,gsandersl7@yellowbook.com,Male,165.60.32.172
765,Ruth,Graham,rgrahaml8@google.com.br,Female,26.68.202.46
766,Carolyn,Castillo,ccastillol9@fema.gov,Female,105.180.37.50
767,James,Hunter,jhunterla@rakuten.co.jp,Male,153.227.152.19
768,Bonnie,Barnes,bbarneslb@google.com.au,Female,164.20.120.101
769,Adam,Foster,afosterlc@disqus.com,Male,75.57.131.39
770,Andrew,Bradley,abradleyld@sbwire.com,Male,35.153.154.74
771,Sharon,Daniels,sdanielsle@squarespace.com,Female,167.208.170.9
772,Cheryl,Duncan,cduncanlf@infoseek.co.jp,Female,104.28.12.69
773,Beverly,Cunningham,bcunninghamlg@about.com,Female,79.243.49.89
774,Donald,Hudson,dhudsonlh@drupal.org,Male,27.187.99.184
775,Robin,Lynch,rlynchli@alibaba.com,Female,18.95.50.63
776,Eugene,Washington,ewashingtonlj@infoseek.co.jp,Male,125.141.67.5
777,Elizabeth,Young,eyounglk@vinaora.com,Female,165.101.84.210
778,Jonathan,Richardson,jrichardsonll@bbc.co.uk,Male,79.170.114.192
779,Todd,Diaz,tdiazlm@opensource.org,Male,221.82.149.90
780,Ronald,Richardson,rrichardsonln@php.net,Male,65.36.255.179
781,Henry,Hill,hhilllo@census.gov,Male,224.24.18.9
782,Cheryl,Hanson,chansonlp@spotify.com,Female,93.240.253.146
783,Helen,Duncan,hduncanlq@cbslocal.com,Female,82.209.110.146
784,Kathy,Roberts,krobertslr@europa.eu,Female,13.153.62.111
785,Matthew,Foster,mfosterls@yale.edu,Male,144.85.253.73
786,Harold,Ryan,hryanlt@smh.com.au,Male,155.255.25.0
787,Victor,Morales,vmoraleslu@lulu.com,Male,167.192.105.191
788,Alan,Garrett,agarrettlv@google.it,Male,23.234.207.103
789,Alice,Williamson,awilliamsonlw@slate.com,Female,205.164.70.182
790,Shawn,Gonzales,sgonzaleslx@diigo.com,Male,73.97.39.214
791,Harold,Larson,hlarsonly@walmart.com,Male,119.66.38.25
792,Louise,Jones,ljoneslz@technorati.com,Female,76.175.133.72
793,Pamela,Howell,phowellm0@discovery.com,Female,126.34.117.171
794,Shirley,Morrison,smorrisonm1@myspace.com,Female,120.233.68.31
795,Brian,Owens,bowensm2@harvard.edu,Male,224.136.242.38
796,Albert,Jacobs,ajacobsm3@hud.gov,Male,176.234.95.196
797,Cynthia,Stephens,cstephensm4@bbb.org,Female,151.174.171.144
798,Ryan,Kelley,rkelleym5@xrea.com,Male,187.27.48.191
799,Martin,Peters,mpetersm6@fema.gov,Male,132.36.24.54
800,Frank,Rose,frosem7@typepad.com,Male,100.161.171.12
801,Phillip,Sanders,psandersm8@arizona.edu,Male,8.255.40.149
802,Ralph,Medina,rmedinam9@oracle.com,Male,2.68.138.215
803,Catherine,Ross,crossma@independent.co.uk,Female,70.227.236.5
804,Jean,Mendoza,jmendozamb@alexa.com,Female,229.3.75.113
805,Mary,Ramirez,mramirezmc@google.ru,Female,96.226.126.171
806,Ruby,Williamson,rwilliamsonmd@csmonitor.com,Female,38.138.146.105
807,Jean,Gomez,jgomezme@fda.gov,Female,138.209.247.147
808,Terry,West,twestmf@stumbleupon.com,Male,167.180.224.138
809,Amy,James,ajamesmg@sina.com.cn,Female,118.209.8.32
810,Maria,Franklin,mfranklinmh@sitemeter.com,Female,234.73.125.206
811,Gerald,Andrews,gandrewsmi@blog.com,Male,142.178.220.224
812,Jack,Watson,jwatsonmj@prlog.org,Male,28.68.54.123
813,Terry,Hudson,thudsonmk@hc360.com,Male,198.150.230.144
814,Jane,Reed,jreedml@tinypic.com,Female,129.233.41.207
815,Donna,Stevens,dstevensmm@ovh.net,Female,225.179.136.12
816,Louis,Hunt,lhuntmn@symantec.com,Male,132.217.128.72
817,Henry,Anderson,handersonmo@loc.gov,Male,74.54.13.208
818,Tammy,Burton,tburtonmp@narod.ru,Female,71.8.217.49
819,Nicholas,Ford,nfordmq@paginegialle.it,Male,235.61.139.42
820,Angela,Burns,aburnsmr@omniture.com,Female,21.55.168.5
821,Julia,Murphy,jmurphyms@exblog.jp,Female,124.183.125.69
822,Patrick,Franklin,pfranklinmt@digg.com,Male,4.143.3.244
823,George,Ruiz,gruizmu@youtube.com,Male,61.171.124.121
824,Paula,Woods,pwoodsmv@auda.org.au,Female,30.128.184.59
825,Amy,Morales,amoralesmw@creativecommons.org,Female,31.194.44.218
826,Victor,Kim,vkimmx@howstuffworks.com,Male,100.168.190.161
827,Lisa,Fields,lfieldsmy@yelp.com,Female,255.182.16.36
828,Deborah,Johnson,djohnsonmz@istockphoto.com,Female,215.166.81.147
829,Joan,Williamson,jwilliamsonn0@umich.edu,Female,20.149.216.119
830,Irene,Gutierrez,igutierrezn1@prweb.com,Female,170.9.26.72
831,Ryan,Diaz,rdiazn2@paginegialle.it,Male,251.40.132.78
832,David,Stephens,dstephensn3@blogspot.com,Male,122.216.29.74
833,Evelyn,Bennett,ebennettn4@google.cn,Female,140.137.134.207
834,Sarah,Willis,swillisn5@vk.com,Female,117.161.159.164
835,Elizabeth,Barnes,ebarnesn6@163.com,Female,131.70.231.101
836,Arthur,Hawkins,ahawkinsn7@cocolog-nifty.com,Male,189.78.244.216
837,Diane,Armstrong,darmstrongn8@reference.com,Female,14.254.146.2
838,Melissa,Tucker,mtuckern9@loc.gov,Female,9.184.138.101
839,Janice,Robinson,jrobinsonna@foxnews.com,Female,246.157.1.136
840,Janet,Rogers,jrogersnb@miitbeian.gov.cn,Female,31.186.255.53
841,Harold,Reyes,hreyesnc@ft.com,Male,95.101.135.241
842,Harry,Allen,hallennd@who.int,Male,28.125.26.22
843,Jimmy,Medina,jmedinane@jalbum.net,Male,158.236.248.135
844,Amanda,Chavez,achaveznf@jimdo.com,Female,175.12.27.115
845,Willie,Carr,wcarrng@i2i.jp,Male,36.9.28.241
846,Christopher,Cooper,ccoopernh@upenn.edu,Male,210.51.209.207
847,Scott,Berry,sberryni@army.mil,Male,174.73.198.156
848,Karen,Russell,krussellnj@amazon.de,Female,144.63.174.128
849,Timothy,Richards,trichardsnk@prweb.com,Male,8.28.143.39
850,Bonnie,Burke,bburkenl@google.ru,Female,41.66.131.131
851,Mark,Daniels,mdanielsnm@timesonline.co.uk,Male,144.187.221.107
852,Kathleen,Russell,krussellnn@disqus.com,Female,110.229.57.9
853,Ashley,Harris,aharrisno@instagram.com,Female,72.244.161.98
854,Sarah,Carroll,scarrollnp@reverbnation.com,Female,135.247.27.160
855,Scott,Howell,showellnq@discovery.com,Male,148.239.87.13
856,Judy,Shaw,jshawnr@nhs.uk,Female,94.186.72.0
857,Ernest,Williamson,ewilliamsonns@zdnet.com,Male,137.29.203.87
858,Rebecca,Andrews,randrewsnt@ed.gov,Female,75.127.70.208
859,Julia,Hall,jhallnu@marketwatch.com,Female,178.126.7.129
860,Arthur,Kelly,akellynv@ovh.net,Male,208.112.236.160
861,Janice,Carroll,jcarrollnw@yellowbook.com,Female,196.120.178.219
862,Kelly,Hughes,khughesnx@sfgate.com,Female,239.93.236.92
863,David,Owens,dowensny@nyu.edu,Male,17.111.165.73
864,Lillian,Kennedy,lkennedynz@ifeng.com,Female,190.196.194.114
865,Chris,Romero,cromeroo0@nih.gov,Male,217.195.150.211
866,Howard,Watkins,hwatkinso1@ucoz.com,Male,103.175.229.92
867,Theresa,Stephens,tstephenso2@google.com.br,Female,216.43.142.83
868,Johnny,Watson,jwatsono3@census.gov,Male,107.197.245.124
869,Carol,Clark,cclarko4@networksolutions.com,Female,179.29.51.128
870,Heather,Moreno,hmorenoo5@webmd.com,Female,71.86.196.12
871,Janice,Little,jlittleo6@aol.com,Female,76.25.195.67
872,Patricia,Nguyen,pnguyeno7@cnbc.com,Female,113.103.135.77
873,Jeffrey,Powell,jpowello8@disqus.com,Male,45.211.179.69
874,Nicholas,Martin,nmartino9@godaddy.com,Male,67.121.171.34
875,Carol,Perry,cperryoa@nationalgeographic.com,Female,240.115.98.106
876,Judy,Watkins,jwatkinsob@mozilla.org,Female,25.175.50.4
877,Jerry,Romero,jromerooc@reference.com,Male,184.12.244.32
878,Emily,Harvey,eharveyod@google.nl,Female,111.205.179.99
879,Helen,Riley,hrileyoe@weather.com,Female,25.123.245.234
880,Donald,Larson,dlarsonof@auda.org.au,Male,27.144.29.137
881,Kevin,Gordon,kgordonog@live.com,Male,181.214.155.31
882,Jacqueline,Collins,jcollinsoh@si.edu,Female,227.63.192.145
883,Roger,Taylor,rtayloroi@yale.edu,Male,222.238.47.115
884,Antonio,Morris,amorrisoj@senate.gov,Male,59.122.146.36
885,Tina,Nelson,tnelsonok@businessweek.com,Female,246.191.93.246
886,William,Adams,wadamsol@privacy.gov.au,Male,245.124.227.254
887,Eric,Mitchell,emitchellom@umn.edu,Male,7.139.131.205
888,Robin,Long,rlongon@nymag.com,Female,197.90.72.148
889,Anna,Stone,astoneoo@cbc.ca,Female,59.218.115.195
890,Howard,Wagner,hwagnerop@weibo.com,Male,57.157.81.85
891,Jeremy,Kelley,jkelleyoq@answers.com,Male,43.161.127.104
892,Jason,Clark,jclarkor@washington.edu,Male,237.176.139.21
893,Adam,Jackson,ajacksonos@dion.ne.jp,Male,50.113.88.57
894,Nicole,Ferguson,nfergusonot@amazon.co.uk,Female,231.21.45.91
895,Roy,Allen,rallenou@soundcloud.com,Male,237.71.190.54
896,Catherine,Morris,cmorrisov@jiathis.com,Female,94.97.221.131
897,Maria,Kennedy,mkennedyow@accuweather.com,Female,56.79.82.13
898,Martin,Ford,mfordox@google.co.jp,Male,129.202.44.175
899,Scott,Alexander,salexanderoy@wsj.com,Male,241.192.26.23
900,Charles,Lee,cleeoz@china.com.cn,Male,40.236.61.98
901,Stephanie,Turner,sturnerp0@issuu.com,Female,68.2.26.43
902,Charles,Chapman,cchapmanp1@ifeng.com,Male,60.245.198.106
903,Sharon,Gomez,sgomezp2@go.com,Female,125.16.97.221
904,Steve,Ray,srayp3@lulu.com,Male,58.53.21.185
905,Johnny,Hansen,jhansenp4@statcounter.com,Male,201.167.101.3
906,Sharon,Howell,showellp5@harvard.edu,Female,23.77.26.209
907,Jeffrey,Cunningham,jcunninghamp6@google.ca,Male,233.216.4.145
908,Betty,Baker,bbakerp7@tinyurl.com,Female,138.214.166.134
909,Benjamin,Russell,brussellp8@salon.com,Male,39.235.211.233
910,Keith,Black,kblackp9@cbslocal.com,Male,110.151.194.86
911,Betty,Fisher,bfisherpa@is.gd,Female,62.192.155.206
912,Carolyn,Gutierrez,cgutierrezpb@intel.com,Female,10.161.139.26
913,Cheryl,Fisher,cfisherpc@netlog.com,Female,53.139.96.116
914,Mary,Rose,mrosepd@pinterest.com,Female,57.103.58.119
915,Annie,Brown,abrownpe@dmoz.org,Female,235.5.51.91
916,Samuel,Reyes,sreyespf@lulu.com,Male,9.12.149.237
917,Patrick,Sanders,psanderspg@nydailynews.com,Male,220.137.0.111
918,Harold,Reed,hreedph@networksolutions.com,Male,220.78.222.9
919,Wayne,Day,wdaypi@umn.edu,Male,54.78.176.144
920,Ronald,Torres,rtorrespj@jigsy.com,Male,21.29.26.49
921,Paula,Montgomery,pmontgomerypk@wsj.com,Female,170.171.116.40
922,Elizabeth,Harvey,eharveypl@kickstarter.com,Female,194.35.134.70
923,Lisa,Burns,lburnspm@psu.edu,Female,38.51.141.65
924,Sean,Sanchez,ssanchezpn@npr.org,Male,94.142.57.116
925,Howard,Ramirez,hramirezpo@guardian.co.uk,Male,119.25.96.183
926,Joan,Mccoy,jmccoypp@hexun.com,Female,134.179.243.101
927,Barbara,Hall,bhallpq@163.com,Female,185.27.192.89
928,Joan,Griffin,jgriffinpr@newyorker.com,Female,87.57.133.198
929,Norma,Gordon,ngordonps@globo.com,Female,235.30.111.72
930,Frances,Greene,fgreenept@hostgator.com,Female,127.162.177.214
931,Amy,Reed,areedpu@yahoo.com,Female,245.30.172.240
932,Henry,Elliott,helliottpv@google.nl,Male,122.123.139.142
933,Daniel,Taylor,dtaylorpw@networksolutions.com,Male,208.215.22.98
934,Kenneth,Wright,kwrightpx@cpanel.net,Male,5.173.213.54
935,Catherine,Riley,crileypy@youtu.be,Female,24.197.61.6
936,Peter,Banks,pbankspz@php.net,Male,228.96.141.225
937,Benjamin,Wood,bwoodq0@nationalgeographic.com,Male,80.155.74.131
938,Kathy,Stewart,kstewartq1@wikia.com,Female,206.125.224.13
939,Brenda,Scott,bscottq2@artisteer.com,Female,249.194.63.147
940,Eugene,Ford,efordq3@sciencedirect.com,Male,202.175.196.224
941,Lori,Fuller,lfullerq4@theatlantic.com,Female,230.36.15.255
942,Emily,Coleman,ecolemanq5@technorati.com,Female,246.52.178.217
943,Kevin,Cook,kcookq6@webmd.com,Male,87.202.244.209
944,Julie,Bowman,jbowmanq7@xrea.com,Female,201.41.178.46
945,Wayne,Wagner,wwagnerq8@oracle.com,Male,26.217.216.148
946,Wayne,Sims,wsimsq9@howstuffworks.com,Male,11.223.15.21
947,Teresa,Hansen,thansenqa@nba.com,Female,94.4.157.232
948,Stephanie,Brooks,sbrooksqb@diigo.com,Female,8.96.100.135
949,Sharon,Carr,scarrqc@redcross.org,Female,46.180.185.182
950,Brandon,Montgomery,bmontgomeryqd@163.com,Male,47.234.54.153
951,Joyce,Reid,jreidqe@geocities.jp,Female,37.45.129.13
952,Gregory,Williams,gwilliamsqf@businessweek.com,Male,112.92.139.87
953,Howard,Robertson,hrobertsonqg@time.com,Male,130.150.124.178
954,Dennis,Warren,dwarrenqh@dell.com,Male,124.241.223.188
955,Thomas,Snyder,tsnyderqi@ted.com,Male,40.150.96.44
956,Juan,Peters,jpetersqj@vkontakte.ru,Male,20.27.144.58
957,Justin,Young,jyoungqk@hao123.com,Male,143.185.196.82
958,Pamela,Ramos,pramosql@google.com.au,Female,82.194.120.145
959,Steve,Gilbert,sgilbertqm@issuu.com,Male,141.92.69.41
960,Paula,Richards,prichardsqn@trellian.com,Female,236.49.202.42
961,Patricia,Freeman,pfreemanqo@github.io,Female,2.149.211.122
962,Lori,Patterson,lpattersonqp@eventbrite.com,Female,179.44.182.34
963,Pamela,Hart,phartqq@answers.com,Female,22.166.80.153
964,Lillian,Holmes,lholmesqr@360.cn,Female,67.5.143.203
965,Justin,Hunter,jhunterqs@etsy.com,Male,129.5.4.55
966,Lillian,Nichols,lnicholsqt@independent.co.uk,Female,59.175.186.37
967,Donna,Evans,devansqu@hostgator.com,Female,241.100.249.203
968,Tammy,Mccoy,tmccoyqv@ft.com,Female,155.56.89.34
969,Jessica,Roberts,jrobertsqw@mit.edu,Female,51.191.152.22
970,Sara,Bailey,sbaileyqx@about.me,Female,209.90.195.42
971,Lori,Andrews,landrewsqy@acquirethisname.com,Female,251.21.93.200
972,Alice,Gibson,agibsonqz@tmall.com,Female,11.235.19.136
973,Shawn,Lawrence,slawrencer0@quantcast.com,Male,175.201.96.141
974,Paula,Carpenter,pcarpenterr1@archive.org,Female,253.25.44.19
975,Joe,Gilbert,jgilbertr2@wordpress.com,Male,43.238.247.65
976,Jimmy,Hicks,jhicksr3@deliciousdays.com,Male,53.126.236.23
977,Earl,Warren,ewarrenr4@fc2.com,Male,73.254.92.13
978,Brenda,Owens,bowensr5@psu.edu,Female,128.37.45.213
979,Carl,Ellis,cellisr6@ucla.edu,Male,104.6.91.161
980,Larry,Walker,lwalkerr7@ftc.gov,Male,169.155.209.107
981,Theresa,Rose,troser8@hud.gov,Female,219.20.140.11
982,Sandra,Henderson,shendersonr9@myspace.com,Female,232.53.66.13
983,Ruth,Howell,rhowellra@cafepress.com,Female,187.252.237.40
984,Denise,Foster,dfosterrb@weather.com,Female,132.54.7.99
985,Gerald,King,gkingrc@china.com.cn,Male,192.162.159.75
986,Peter,Turner,pturnerrd@creativecommons.org,Male,209.193.118.116
987,Benjamin,Young,byoungre@ameblo.jp,Male,155.46.239.168
988,Nancy,Ruiz,nruizrf@xing.com,Female,74.1.236.29
989,Cheryl,Spencer,cspencerrg@tinyurl.com,Female,229.127.20.217
990,Gary,Payne,gpaynerh@dagondesign.com,Male,127.160.92.102
991,Larry,Clark,lclarkri@spiegel.de,Male,191.237.53.232
992,Johnny,Frazier,jfrazierrj@pagesperso-orange.fr,Male,31.212.205.251
993,Cheryl,Schmidt,cschmidtrk@berkeley.edu,Female,214.253.44.94
994,Dorothy,Oliver,doliverrl@nydailynews.com,Female,131.254.136.19
995,Justin,Mccoy,jmccoyrm@pagesperso-orange.fr,Male,72.46.160.122
996,Emily,Moore,emoorern@bloglines.com,Female,221.231.25.230
997,Anthony,Cunningham,acunninghamro@toplist.cz,Male,164.181.20.247
998,Gloria,Boyd,gboydrp@chronoengine.com,Female,186.47.244.33
999,Lois,Jones,ljonesrq@omniture.com,Female,208.68.169.6
1000,Matthew,Fisher,mfisherrr@joomla.org,Male,206.177.58.197
